H,EA,DCM,MeOH,Et2O,MW,LogP,Rf
0.3367,0.0132,0.1448,0.1175,0.3878,438.35,6.03,0.2348
0.0304,0.2233,0.5161,0.0271,0.2031,424.94,2.904,0.2058
0.0907,0.2424,0.3329,0.0027,0.3314,449.07,1.062,0.2029
0.1702,0.0469,0.0489,0.4286,0.3053,503.56,4.568,0.3162
0.164,0.2977,0.1158,0.1689,0.2537,409.26,5.755,0.1927
0.0523,0.2602,0.3305,0.0911,0.2658,150.5,0.502,0.152
0.3441,0.1975,0.2004,0.1134,0.1445,568.33,3.832,0.1824
0.2513,0.0563,0.1308,0.341,0.2206,378.47,4.162,0.2233
0.3839,0.3535,0.1043,0.0146,0.1437,233.87,-0.101,0.2006
0.1149,0.2393,0.1444,0.3339,0.1675,232.44,0.22,0.1856
0.2075,0.0971,0.216,0.3318,0.1476,209.66,6.978,0.2537
0.0236,0.0549,0.314,0.3963,0.2112,131.76,1.435,0.2266
0.2957,0.1571,0.2883,0.2555,0.0034,460.36,4.135,0.2044
0.247,0.043,0.1676,0.1749,0.3676,537.93,0.371,0.1616
0.1813,0.0647,0.3306,0.3153,0.1081,419.47,3.481,0.2599
0.2482,0.3583,0.2441,0.0003,0.1492,109.74,6.362,0.2546
0.2975,0.2816,0.1041,0.0196,0.2972,573.47,-1.229,0.1199
0.2838,0.2858,0.0479,0.1773,0.2052,232.53,5.852,0.2321
0.201,0.1006,0.2562,0.3467,0.0955,255.86,6.956,0.2515
0.2892,0.0676,0.1256,0.1889,0.3287,215.06,-0.018,0.1388
0.0263,0.2341,0.0849,0.3358,0.3188,135.43,0.142,0.197
0.0457,0.323,0.1972,0.1632,0.2709,503.75,-0.286,0.161
0.0451,0.2007,0.1972,0.2175,0.3395,436.68,6.857,0.2789
0.1625,0.4126,0.1191,0.0911,0.2148,310.94,0.507,0.1911
0.0825,0.3049,0.1464,0.2845,0.1818,125.29,6.994,0.3111
0.3508,0.3214,0.063,0.1839,0.0809,300.52,-1.472,0.0917
0.1321,0.3435,0.0925,0.2733,0.1586,311.5,6.616,0.3022
0.2643,0.057,0.1092,0.3564,0.2131,371.1,4.732,0.2414
0.0265,0.2712,0.2334,0.3958,0.0731,580.39,-1.279,0.2244
0.3116,0.1085,0.0553,0.4109,0.1136,397.26,3.574,0.2776
0.1573,0.219,0.1962,0.3508,0.0767,458.1,0.148,0.1731
0.158,0.1665,0.396,0.0382,0.2413,599.23,6.965,0.2496
0.031,0.0901,0.1121,0.3945,0.3723,539.64,1.326,0.2537
0.2373,0.2064,0.333,0.2206,0.0026,508.55,0.694,0.2394
0.3386,0.4793,0.0685,0.0589,0.0546,376.61,0.451,0.1266
0.0816,0.2541,0.1058,0.1958,0.3628,523.05,-1.169,0.1402
0.2006,0.131,0.0017,0.3651,0.3017,230.98,4.671,0.216
0.004,0.0311,0.3653,0.3739,0.2257,517.3,3.243,0.2321
0.065,0.0559,0.1353,0.3945,0.3493,530.35,6.09,0.2739
0.0368,0.2792,0.3164,0.1454,0.2221,177.28,6.369,0.2656
0.243,0.2744,0.2279,0.2477,0.007,468.28,0.99,0.2493
0.3046,0.2858,0.094,0.2775,0.0381,536.08,5.727,0.2259
0.0856,0.3141,0.177,0.1174,0.3059,213.8,-1.787,0.1631
0.2743,0.3068,0.0886,0.2035,0.1268,590.57,2.826,0.2331
0.2967,0.0364,0.3065,0.0564,0.304,232.73,-1.024,0.0881
0.1311,0.2533,0.2137,0.161,0.2409,227.36,4.379,0.2393
0.0006,0.3162,0.184,0.2458,0.2535,435.31,1.278,0.2501
0.1314,0.125,0.3376,0.2865,0.1195,254.64,1.676,0.231
0.1841,0.1352,0.0582,0.1923,0.4301,438.66,6.125,0.2125
0.297,0.0002,0.1555,0.233,0.3143,427.35,2.185,0.1752
0.1564,0.0756,0.1674,0.3189,0.2817,184.85,-1.237,0.139
0.1196,0.2921,0.2681,0.2401,0.0802,199.56,-1.78,0.1722
0.119,0.231,0.4131,0.0354,0.2015,414.88,-0.25,0.1431
0.1005,0.2704,0.0023,0.3095,0.3173,153.29,1.826,0.1843
0.0901,0.491,0.2655,0.0257,0.1277,524.17,2.108,0.2014
0.2447,0.1475,0.2353,0.2208,0.1517,459.64,2.543,0.1624
0.2377,0.1568,0.2568,0.2128,0.1359,229.6,0.225,0.1481
0.2919,0.351,0.1538,0.0434,0.16,235.86,0.877,0.1234
0.2338,0.0599,0.1001,0.3004,0.3058,132.11,1.668,0.1726
0.0736,0.1494,0.3218,0.2078,0.2474,528.37,4.89,0.2243
0.1622,0.0025,0.15,0.3213,0.364,576.72,1.771,0.2069
0.4,0.1462,0.1455,0.289,0.0192,268.06,4.112,0.1886
0.2263,0.0924,0.2616,0.0714,0.3483,113.48,1.546,0.1584
0.385,0.0813,0.2765,0.0301,0.2271,205.83,0.942,0.1434
0.2557,0.1274,0.2526,0.2795,0.0848,140.95,-1.826,0.0453
0.1098,0.204,0.2451,0.2045,0.2366,574.81,-0.206,0.1492
0.0133,0.0994,0.0824,0.4369,0.368,208.98,4.295,0.2616
0.1866,0.2299,0.0352,0.2518,0.2965,154.05,-1.769,0.1496
0.102,0.2214,0.3132,0.1297,0.2337,138.0,4.216,0.2046
0.2321,0.2555,0.1804,0.0364,0.2956,491.32,1.125,0.1506
0.1716,0.1485,0.2027,0.1367,0.3404,511.17,-1.05,0.1956
0.2258,0.1927,0.1186,0.1999,0.263,235.04,5.274,0.2175
0.2191,0.1968,0.1773,0.2976,0.1093,525.86,5.477,0.3025
0.1412,0.2691,0.3535,0.2195,0.0166,525.48,-0.363,0.2194
0.0724,0.2721,0.1161,0.3003,0.2392,238.13,-1.909,0.194
0.218,0.1479,0.2295,0.2091,0.1955,345.41,5.136,0.2249
0.0491,0.117,0.3652,0.1617,0.307,336.63,2.778,0.1588
0.1973,0.4192,0.1616,0.1499,0.072,196.29,-0.924,0.1929
0.2454,0.349,0.0848,0.0991,0.2217,462.29,6.789,0.207
0.1405,0.2712,0.3178,0.2507,0.0198,367.07,0.469,0.1966
0.3026,0.1719,0.2166,0.0392,0.2697,345.44,5.854,0.1726
0.2102,0.088,0.0245,0.4492,0.228,511.06,1.606,0.213
0.0504,0.4284,0.0365,0.1016,0.3831,251.92,6.945,0.2789
0.2336,0.3046,0.0869,0.2013,0.1736,321.36,5.741,0.2722
0.3031,0.0935,0.1901,0.1867,0.2266,573.8,-0.13,0.1767
0.1828,0.2023,0.0874,0.0031,0.5244,396.91,0.621,0.1876
0.0832,0.254,0.2526,0.1632,0.247,561.96,5.09,0.1986
0.2699,0.1229,0.1574,0.1872,0.2626,513.32,-1.357,0.1242
0.0798,0.1479,0.36,0.2736,0.1387,162.18,4.198,0.2158
0.3236,0.3193,0.052,0.0258,0.2793,261.16,0.253,0.079
0.0267,0.2817,0.2448,0.1684,0.2784,599.79,4.051,0.222
0.2541,0.1581,0.2189,0.3078,0.061,392.66,3.713,0.2404
0.2542,0.0472,0.1799,0.1723,0.3464,528.87,0.968,0.1643
0.3071,0.2643,0.1787,0.1478,0.1022,261.64,6.732,0.2129
0.1301,0.1656,0.318,0.2117,0.1746,306.62,-0.312,0.1479
0.204,0.2479,0.0664,0.1791,0.3026,319.06,4.284,0.2548
0.0578,0.4632,0.2898,0.1139,0.0754,375.42,2.97,0.2901
0.3235,0.1635,0.0416,0.2948,0.1766,458.3,2.58,0.2639
0.0948,0.2895,0.34,0.0845,0.1912,291.79,6.297,0.1696
0.2635,0.0842,0.2409,0.1265,0.2849,353.87,5.385,0.2086
0.1065,0.1124,0.2209,0.376,0.1843,174.3,2.847,0.2151
0.2463,0.2063,0.1458,0.0855,0.3161,385.9,0.102,0.1871
0.2518,0.0142,0.2417,0.2289,0.2634,293.04,3.973,0.2497
0.1986,0.0148,0.2014,0.2366,0.3486,537.1,1.963,0.1189
0.1899,0.165,0.2608,0.148,0.2364,177.18,2.225,0.2178
0.1773,0.1664,0.2181,0.2182,0.22,290.0,0.85,0.1843
0.2928,0.3094,0.3554,0.0146,0.0279,415.58,6.288,0.2638
0.1748,0.0397,0.2553,0.3515,0.1787,447.0,6.131,0.2599
0.0278,0.4808,0.1772,0.2264,0.0879,365.58,3.093,0.237
0.029,0.3198,0.2276,0.0884,0.3352,171.56,2.15,0.1732
0.1142,0.1148,0.0042,0.3617,0.4051,438.81,-0.578,0.1686
0.214,0.2327,0.1545,0.0911,0.3078,199.61,1.462,0.1828
0.169,0.0829,0.2,0.201,0.3471,247.62,6.802,0.2282
0.2134,0.2586,0.2808,0.0185,0.2287,348.36,6.137,0.1905
0.1067,0.298,0.2264,0.1314,0.2375,410.45,4.1,0.2071
0.2521,0.1889,0.2717,0.1944,0.0929,320.41,3.216,0.1662
0.3589,0.0442,0.1446,0.3663,0.0861,166.08,2.855,0.2596
0.2762,0.2511,0.0777,0.2493,0.1457,503.24,4.719,0.2255
0.1342,0.0456,0.3815,0.0558,0.3829,530.07,4.518,0.2727
0.3204,0.1456,0.3148,0.0055,0.2136,327.39,4.055,0.1691
0.2149,0.1869,0.2629,0.3006,0.0346,216.91,-1.775,0.208
0.312,0.0755,0.0216,0.2809,0.31,251.1,1.675,0.1702
0.0706,0.4779,0.1537,0.2488,0.0491,543.63,-0.779,0.1527
0.2473,0.3148,0.1395,0.247,0.0514,307.44,-1.109,0.1918
0.2173,0.1812,0.4225,0.0145,0.1645,321.69,6.555,0.222
0.2313,0.1836,0.3298,0.121,0.1343,194.9,-0.901,0.1457
0.2646,0.1419,0.2068,0.2003,0.1864,110.68,5.081,0.2253
0.31,0.0377,0.4201,0.1137,0.1186,534.85,0.957,0.1817
0.0718,0.4384,0.0014,0.4179,0.0704,165.0,0.256,0.2491
0.0185,0.0107,0.5674,0.1709,0.2325,187.12,-1.528,0.2015
0.227,0.161,0.2282,0.1457,0.2381,356.62,-1.019,0.0838
0.0162,0.293,0.3243,0.1951,0.1714,582.01,-1.453,0.174
0.1615,0.1354,0.2313,0.1653,0.3066,136.75,-1.273,0.1491
0.0991,0.228,0.1975,0.1171,0.3583,365.28,2.083,0.181
0.208,0.0341,0.2412,0.293,0.2237,484.48,4.488,0.2395
0.1491,0.2212,0.296,0.2715,0.0621,313.38,3.986,0.268
0.1594,0.065,0.393,0.0286,0.3541,146.62,-1.131,0.13
0.258,0.272,0.2604,0.1529,0.0567,276.8,3.988,0.1588
0.192,0.2221,0.1845,0.2478,0.1536,275.82,3.201,0.2302
0.0972,0.0469,0.3663,0.1593,0.3304,387.05,5.265,0.2652
0.217,0.2502,0.2102,0.1576,0.165,113.13,6.362,0.248
0.1173,0.4569,0.2009,0.2209,0.004,534.93,3.097,0.2076
0.2053,0.0727,0.3243,0.0157,0.3821,207.57,1.778,0.142
0.3275,0.3525,0.2576,0.0386,0.0239,178.7,3.561,0.2144
0.2658,0.1073,0.261,0.1915,0.1743,236.58,4.794,0.2438
0.1311,0.314,0.2252,0.3087,0.021,297.63,3.394,0.2607
0.0084,0.3301,0.2313,0.1503,0.2798,264.06,-1.93,0.1622
0.1179,0.2183,0.1552,0.2585,0.2501,136.04,5.756,0.2298
0.0175,0.0077,0.3806,0.3562,0.2379,386.7,4.385,0.2366
0.008,0.1251,0.3085,0.238,0.3204,559.88,-1.207,0.1844
0.3253,0.0937,0.2268,0.2018,0.1524,255.14,1.056,0.172
0.2136,0.0477,0.2134,0.3791,0.1462,463.69,5.371,0.272
0.408,0.1183,0.0733,0.0988,0.3016,480.11,3.9,0.2078
0.1461,0.2231,0.2247,0.1328,0.2733,382.25,3.718,0.2528
0.2674,0.3701,0.2686,0.0646,0.0292,321.1,0.725,0.168
0.2351,0.1438,0.2094,0.0264,0.3854,138.37,5.778,0.2097
0.2856,0.2054,0.1693,0.1545,0.1851,495.91,6.063,0.1759
0.3923,0.1935,0.2862,0.0908,0.0372,151.75,6.092,0.2327
0.1732,0.3603,0.2545,0.087,0.125,318.88,1.955,0.1702
0.1864,0.1414,0.2043,0.1691,0.2988,494.61,3.826,0.2058
0.0357,0.0512,0.3674,0.1539,0.3919,428.28,6.157,0.2513
0.2127,0.0516,0.1277,0.3532,0.2549,295.98,3.355,0.2103
0.2905,0.0959,0.1167,0.2452,0.2518,435.06,5.461,0.2281
0.2269,0.2784,0.1825,0.1559,0.1563,190.13,-0.072,0.127
0.5054,0.2593,0.1208,0.0734,0.0412,522.21,-1.09,0.144
0.41,0.0175,0.1562,0.3555,0.0608,288.36,-0.54,0.1286
0.2758,0.2558,0.2684,0.0549,0.1452,305.43,4.087,0.1975
0.1225,0.3218,0.193,0.2296,0.1331,504.31,2.221,0.2464
0.2322,0.1023,0.2634,0.2737,0.1284,240.89,1.437,0.1249
0.3085,0.3026,0.0523,0.0944,0.2422,537.06,2.991,0.1739
0.036,0.297,0.2989,0.1001,0.268,236.4,6.148,0.2528
0.4742,0.1113,0.226,0.1752,0.0134,126.63,2.518,0.2134
0.0919,0.3878,0.1462,0.011,0.363,519.59,3.85,0.1973
0.108,0.3123,0.262,0.0522,0.2655,324.3,-1.953,0.1257
0.0324,0.1046,0.3413,0.2244,0.2973,363.89,-0.999,0.1698
0.0261,0.2295,0.434,0.2499,0.0606,552.57,3.371,0.2576
0.0122,0.3827,0.1797,0.1066,0.3188,407.4,0.165,0.1385
0.0396,0.451,0.0313,0.2434,0.2347,594.17,2.987,0.2508
0.143,0.1722,0.2328,0.3592,0.0929,108.12,5.097,0.2311
0.2501,0.3072,0.2927,0.1324,0.0177,373.01,5.322,0.2663
0.0638,0.2837,0.1692,0.2532,0.2301,505.75,-1.432,0.1861
0.1941,0.029,0.1319,0.0277,0.6173,357.69,6.902,0.1709
0.2589,0.1208,0.3591,0.0911,0.1702,490.42,5.792,0.2068
0.1121,0.271,0.2265,0.2726,0.1178,586.86,2.466,0.2361
0.1434,0.2664,0.1497,0.2309,0.2096,139.46,3.422,0.2383
0.1629,0.0406,0.3353,0.1555,0.3057,313.06,4.208,0.1745
0.1345,0.0162,0.3328,0.1348,0.3818,237.28,6.82,0.2412
0.1856,0.1058,0.2333,0.1978,0.2774,171.39,3.468,0.2052
0.3852,0.0172,0.0331,0.3838,0.1806,291.43,3.105,0.1884
0.2977,0.1167,0.2394,0.1801,0.1661,299.02,3.846,0.1795
0.1258,0.0572,0.3707,0.2514,0.195,380.84,0.356,0.1881
0.3543,0.1015,0.3259,0.1747,0.0436,526.41,2.068,0.221
0.3037,0.1504,0.0297,0.2305,0.2857,259.79,1.127,0.2199
0.2218,0.2118,0.1771,0.2307,0.1587,496.85,2.579,0.2241
0.095,0.1573,0.1087,0.6185,0.0206,377.01,1.32,0.2736
0.2245,0.0316,0.1135,0.3667,0.2637,362.85,4.922,0.2102
0.278,0.0249,0.3283,0.2169,0.1519,440.05,1.101,0.2222
0.2043,0.0581,0.3086,0.1382,0.2908,127.71,-0.883,0.1171
0.0902,0.0971,0.1903,0.4183,0.2041,570.45,6.054,0.2877
0.2957,0.2565,0.0583,0.141,0.2484,351.29,-0.482,0.1406
0.3057,0.0501,0.2139,0.2339,0.1965,521.27,3.073,0.2084
0.017,0.2392,0.2151,0.2428,0.286,308.29,3.751,0.2243
0.1745,0.2197,0.1015,0.3351,0.1692,502.34,4.165,0.2399
0.0334,0.245,0.2699,0.1137,0.3381,256.29,4.465,0.2269
0.239,0.2802,0.3175,0.0426,0.1206,380.83,0.872,0.141
0.1517,0.0592,0.1776,0.235,0.3765,224.14,5.788,0.2409
0.0746,0.153,0.2699,0.1461,0.3565,349.13,2.633,0.1717
0.0087,0.3559,0.1903,0.364,0.081,276.45,-1.545,0.2042
0.1629,0.2904,0.2153,0.1549,0.1766,523.59,1.878,0.2308
0.3328,0.1594,0.1745,0.2485,0.0848,376.61,-1.338,0.135
0.1567,0.2375,0.0869,0.3074,0.2114,159.41,6.776,0.2235
0.1237,0.3425,0.2754,0.0726,0.1857,350.04,-1.592,0.1835
0.0683,0.1659,0.236,0.2277,0.3021,357.75,0.952,0.182
0.3102,0.2315,0.0937,0.1053,0.2593,366.17,4.379,0.1888
0.0955,0.26,0.1174,0.2148,0.3123,391.85,5.171,0.2294
0.0088,0.1568,0.3194,0.2586,0.2564,388.82,4.493,0.1944
0.2052,0.06,0.2212,0.2179,0.2958,173.89,4.127,0.2876
0.0856,0.0147,0.2442,0.1179,0.5376,305.19,4.975,0.2216
0.3372,0.3198,0.2696,0.0228,0.0506,203.67,0.925,0.1398
0.1497,0.0826,0.4352,0.1633,0.1691,485.99,4.488,0.1867
0.2697,0.2906,0.2557,0.0806,0.1033,379.04,0.024,0.1857
0.1548,0.111,0.3776,0.1698,0.1868,566.85,5.159,0.2213
0.1125,0.0501,0.2782,0.1561,0.4031,509.19,6.591,0.241
0.1405,0.3489,0.1692,0.2161,0.1253,339.54,-0.181,0.1645
0.1844,0.3194,0.2384,0.047,0.2108,393.42,0.182,0.1417
0.332,0.0273,0.2151,0.3733,0.0523,485.38,-1.953,0.1457
0.1488,0.2511,0.11,0.2527,0.2374,338.72,-0.205,0.2132
0.2347,0.3298,0.0325,0.2086,0.1944,461.56,6.43,0.2398
0.2979,0.0571,0.2878,0.0573,0.2999,598.59,1.573,0.0888
0.2879,0.2771,0.2623,0.0028,0.1699,153.65,6.847,0.2152
0.0876,0.3044,0.1672,0.152,0.2888,525.53,2.212,0.2044
0.0902,0.2547,0.1428,0.1034,0.4089,495.38,3.11,0.2096
0.2156,0.05,0.2437,0.2554,0.2354,357.64,-1.219,0.1599
0.1163,0.2678,0.2052,0.2158,0.1949,476.88,6.586,0.2361
0.1267,0.3034,0.0048,0.2743,0.2907,131.06,-0.936,0.1739
0.1987,0.3539,0.2781,0.1229,0.0464,558.07,0.655,0.2096
0.329,0.1173,0.0715,0.082,0.4002,402.87,1.743,0.13
0.2219,0.2742,0.0902,0.1022,0.3116,536.57,-1.263,0.1377
0.2409,0.3795,0.0421,0.3042,0.0333,373.82,2.549,0.2112
0.1871,0.2968,0.0663,0.1172,0.3326,145.47,2.593,0.1834
0.3532,0.198,0.2241,0.1995,0.0252,331.19,5.262,0.2224
0.3227,0.2947,0.2285,0.0179,0.1362,131.88,6.947,0.1865
0.393,0.029,0.3927,0.0133,0.1719,484.49,4.892,0.2253
0.1177,0.2779,0.1071,0.2434,0.2538,287.82,4.145,0.2256
0.278,0.2265,0.2745,0.1461,0.075,368.63,2.76,0.1944
0.0023,0.0147,0.1934,0.4366,0.353,365.97,5.41,0.2485
0.0978,0.1367,0.1089,0.3703,0.2864,156.42,5.285,0.2139
0.7127,0.0126,0.1662,0.0814,0.0271,398.89,4.33,0.1988
0.0296,0.4507,0.2448,0.1426,0.1322,531.87,-1.492,0.1468
0.2601,0.2332,0.1017,0.1906,0.2144,260.33,0.716,0.1808
0.1034,0.4764,0.1595,0.2168,0.044,574.26,5.917,0.2919
0.1218,0.1413,0.2772,0.2684,0.1914,492.9,0.869,0.1782
0.1919,0.0688,0.1735,0.3477,0.2182,524.67,0.707,0.1904
0.2917,0.1793,0.3086,0.1777,0.0428,221.43,-0.17,0.1196
0.2,0.2852,0.262,0.0286,0.2241,195.24,0.416,0.1379
0.2812,0.0606,0.2452,0.2331,0.1799,339.7,5.825,0.1983
0.1039,0.2986,0.0048,0.2924,0.3002,158.66,6.996,0.2453
0.1981,0.067,0.2999,0.1809,0.2541,290.33,2.803,0.2015
0.2077,0.1512,0.2965,0.2875,0.057,590.66,2.225,0.2517
0.2162,0.2414,0.3281,0.1291,0.0851,230.39,6.413,0.1784
0.3116,0.2246,0.082,0.1775,0.2043,516.68,2.494,0.1687
0.081,0.2585,0.3042,0.2019,0.1544,184.12,5.155,0.2014
0.0597,0.2539,0.1721,0.3232,0.1911,420.9,-1.471,0.248
0.2602,0.1839,0.2104,0.1135,0.2319,215.72,4.365,0.2161
0.0042,0.2328,0.1718,0.2844,0.3069,408.26,2.349,0.2195
0.2352,0.0051,0.2258,0.1172,0.4168,108.57,5.318,0.2057
0.2599,0.3109,0.3508,0.0413,0.0371,174.45,-0.273,0.1
0.1331,0.1976,0.1858,0.2022,0.2813,595.12,0.033,0.1712
0.1798,0.2229,0.1719,0.2256,0.1997,146.75,1.413,0.1885
0.005,0.0903,0.2632,0.2285,0.4131,382.93,5.722,0.2385
0.0546,0.3026,0.0244,0.1211,0.4973,543.78,2.28,0.2025
0.2763,0.2684,0.1682,0.0098,0.2772,257.24,6.653,0.2132
0.2323,0.2977,0.282,0.1576,0.0304,181.23,0.164,0.1938
0.2881,0.1066,0.2428,0.045,0.3176,462.08,2.507,0.1423
0.3685,0.0203,0.1653,0.3172,0.1288,484.5,6.594,0.2098
0.0138,0.1276,0.4634,0.229,0.1661,570.57,1.887,0.2416
0.2391,0.2324,0.0301,0.2176,0.2807,456.55,-1.262,0.192
0.3518,0.4105,0.1757,0.0591,0.0029,254.13,1.239,0.2101
0.1693,0.0832,0.1176,0.2817,0.3482,304.02,-1.764,0.1601
0.3009,0.1632,0.1938,0.1469,0.1951,142.35,6.11,0.2354
0.3012,0.3254,0.1903,0.0564,0.1267,169.42,0.71,0.1516
0.2605,0.2524,0.2902,0.0461,0.1508,223.3,3.625,0.1899
0.2762,0.091,0.0498,0.1417,0.4414,266.11,3.582,0.2004
0.1073,0.2614,0.2755,0.3122,0.0436,260.33,6.526,0.2457
0.0733,0.1147,0.3521,0.3536,0.1064,447.48,2.419,0.2127
0.1662,0.3608,0.1736,0.0503,0.2491,396.11,2.911,0.1781
0.2032,0.164,0.2841,0.1376,0.2111,319.23,0.622,0.1538
0.3085,0.1586,0.1936,0.2455,0.0938,429.33,4.437,0.174
0.2886,0.0271,0.3624,0.1753,0.1466,353.31,6.284,0.216
0.2455,0.1116,0.278,0.1667,0.1981,142.49,4.921,0.1826
0.2447,0.1321,0.2407,0.0165,0.366,438.74,1.597,0.1572
0.2489,0.0061,0.1496,0.2953,0.3,390.26,3.177,0.1369
0.1652,0.145,0.2862,0.2181,0.1855,272.48,-1.779,0.1888
0.389,0.047,0.3805,0.0573,0.1262,327.67,-0.138,0.1606
0.2001,0.1973,0.1816,0.2888,0.1322,250.13,5.292,0.2904
0.2385,0.2492,0.0605,0.3621,0.0898,187.23,-0.559,0.2382
0.2393,0.4097,0.0991,0.1731,0.0788,420.24,1.889,0.2404
0.0945,0.2835,0.1861,0.3374,0.0985,476.16,5.279,0.2696
0.0404,0.0657,0.5628,0.1207,0.2104,328.78,0.361,0.198
0.2297,0.2146,0.2197,0.211,0.125,522.76,3.556,0.1885
0.3234,0.2806,0.1182,0.2442,0.0337,166.97,-0.939,0.1694
0.3234,0.2382,0.1951,0.0643,0.179,192.88,3.72,0.2067
0.205,0.1907,0.2956,0.164,0.1447,170.15,0.831,0.1725
0.1572,0.0042,0.0598,0.3569,0.422,352.72,2.455,0.2216
0.2726,0.1655,0.3344,0.1946,0.0329,115.43,4.85,0.2194
0.2012,0.063,0.1712,0.2779,0.2867,374.86,-0.981,0.198
0.0394,0.2671,0.2837,0.1264,0.2835,120.81,4.471,0.1325
0.0344,0.2785,0.2521,0.0999,0.3352,324.87,1.137,0.1551
0.2504,0.1346,0.3047,0.2378,0.0726,505.35,3.291,0.1882
0.4682,0.1228,0.103,0.1529,0.1531,129.68,1.157,0.2054
0.1315,0.2521,0.1515,0.3295,0.1354,233.67,5.722,0.3069
0.0254,0.2564,0.2092,0.2447,0.2643,533.52,-0.858,0.1813
0.2535,0.0731,0.2082,0.2425,0.2228,438.12,2.405,0.1814
0.1675,0.1828,0.2562,0.3559,0.0376,357.81,0.504,0.2014
0.3622,0.1428,0.3675,0.1266,0.001,487.07,4.595,0.2039
0.3613,0.1949,0.0345,0.2908,0.1185,314.82,-0.093,0.1522
0.1041,0.3212,0.131,0.2241,0.2195,342.67,1.094,0.1967
0.0428,0.3372,0.1977,0.0534,0.3689,320.64,-1.994,0.134
0.3642,0.0769,0.2617,0.0501,0.2471,179.49,6.395,0.198
0.1199,0.1781,0.4329,0.0793,0.1898,252.75,4.295,0.2493
0.113,0.3165,0.3398,0.0005,0.2302,166.35,0.036,0.152
0.2277,0.2674,0.3234,0.1382,0.0433,135.41,1.448,0.1839
0.3376,0.0473,0.1448,0.407,0.0633,486.73,4.778,0.3136
0.0806,0.2994,0.0048,0.3668,0.2484,461.22,3.653,0.3176
0.0689,0.1875,0.3126,0.3916,0.0395,150.23,4.772,0.2403
0.5415,0.1768,0.0786,0.1557,0.0474,376.7,3.4,0.1748
0.1696,0.2174,0.1927,0.2366,0.1837,250.82,2.66,0.1634
0.1096,0.0202,0.3329,0.3539,0.1835,156.37,2.496,0.2243
0.1477,0.1314,0.2432,0.2454,0.2323,165.99,5.747,0.217
0.2143,0.2393,0.2995,0.2417,0.0052,133.77,0.36,0.1818
0.0197,0.0299,0.3898,0.2502,0.3104,350.52,1.739,0.2019
0.2383,0.2736,0.1232,0.1377,0.2271,201.6,5.273,0.2086
0.1743,0.127,0.2061,0.2712,0.2213,133.06,4.288,0.2239
0.0353,0.0525,0.2648,0.2763,0.3711,254.65,4.675,0.1796
0.3044,0.0491,0.2909,0.2883,0.0673,576.51,2.707,0.2232
0.0749,0.0569,0.3502,0.1205,0.3975,485.72,-1.736,0.0991
0.3319,0.1118,0.0263,0.2929,0.2371,138.54,2.097,0.1812
0.3037,0.197,0.1367,0.0551,0.3075,461.39,0.056,0.1742
0.2386,0.0207,0.4047,0.1147,0.2213,291.49,-0.649,0.2047
0.1875,0.31,0.2512,0.1422,0.1091,308.13,4.483,0.1952
0.1276,0.0366,0.1754,0.2362,0.4243,189.67,5.239,0.3041
0.0347,0.2339,0.142,0.4249,0.1646,376.55,-1.928,0.1941
0.0931,0.2616,0.141,0.289,0.2153,395.85,2.44,0.2259
0.3877,0.3274,0.1055,0.0027,0.1766,216.5,1.118,0.1319
0.2524,0.2637,0.2859,0.0004,0.1976,524.5,4.545,0.2199
0.0953,0.1969,0.024,0.399,0.2848,146.51,6.291,0.2969
0.259,0.15,0.2023,0.1075,0.2813,142.45,-1.14,0.1827
0.0328,0.2492,0.1909,0.4232,0.1039,230.5,0.835,0.2734
0.2833,0.2479,0.2601,0.1125,0.0962,137.34,-0.176,0.1698
0.0899,0.0951,0.2697,0.2352,0.3101,582.32,-0.131,0.1436
0.2006,0.1724,0.078,0.1026,0.4464,513.19,4.272,0.2534
0.2133,0.0594,0.1616,0.2315,0.3342,438.59,0.342,0.1932
0.3772,0.0118,0.154,0.1722,0.2848,224.93,2.158,0.1843
0.0043,0.2988,0.3535,0.047,0.2964,286.12,3.673,0.1857
0.2778,0.251,0.1115,0.3503,0.0094,132.24,6.122,0.25
0.3522,0.3227,0.129,0.0166,0.1794,183.99,3.165,0.1816
0.3909,0.1879,0.014,0.325,0.0822,207.36,-0.316,0.1758
0.0216,0.3854,0.153,0.1837,0.2564,375.34,-1.451,0.235
0.138,0.0677,0.0984,0.4364,0.2594,415.38,5.22,0.2898
0.2536,0.1165,0.1766,0.1572,0.296,351.2,1.495,0.0921
0.0752,0.1333,0.0916,0.3745,0.3255,129.3,6.924,0.2253
0.3335,0.325,0.0334,0.2192,0.0889,508.14,6.255,0.2337
0.0192,0.3417,0.0753,0.2903,0.2735,277.4,5.553,0.2692
0.195,0.2653,0.2296,0.3008,0.0093,450.28,6.528,0.2505
0.177,0.1768,0.0591,0.3102,0.2768,346.11,0.781,0.1888
0.1227,0.1154,0.2776,0.0004,0.484,200.73,-0.826,0.1328
0.2537,0.3252,0.2988,0.1145,0.0078,393.3,6.255,0.2418
0.2437,0.2719,0.1058,0.2667,0.112,150.52,0.716,0.1403
0.0456,0.0526,0.3167,0.2644,0.3207,424.59,-0.432,0.2303
0.3436,0.2911,0.0826,0.2179,0.0649,253.41,4.196,0.2126
0.0405,0.2317,0.3017,0.3016,0.1245,597.14,6.687,0.3115
0.255,0.2679,0.0612,0.1566,0.2593,170.32,4.708,0.2242
0.1007,0.4159,0.0711,0.3748,0.0376,454.48,3.752,0.2813
0.28,0.2634,0.0716,0.271,0.1141,100.64,1.473,0.1825
0.2119,0.2802,0.2558,0.1426,0.1095,373.01,-1.087,0.1029
0.269,0.2839,0.0672,0.0305,0.3495,247.45,0.868,0.1619
0.4132,0.0322,0.0738,0.163,0.3178,373.52,6.083,0.2479
0.2746,0.216,0.0139,0.4217,0.0738,544.88,-0.586,0.2282
0.0528,0.1073,0.0992,0.3639,0.3768,464.99,0.387,0.2035
0.0251,0.2894,0.4251,0.0777,0.1826,313.8,0.651,0.1993
0.3992,0.3619,0.1204,0.0155,0.103,245.91,-1.263,0.1465
0.1821,0.2241,0.3028,0.0418,0.2493,192.44,5.969,0.1916
0.2087,0.2519,0.1488,0.2628,0.1278,234.28,-1.445,0.177
0.0339,0.1358,0.2139,0.3835,0.233,376.8,5.567,0.2232
0.2628,0.1344,0.172,0.2784,0.1525,540.83,2.286,0.2667
0.1987,0.1397,0.2505,0.2227,0.1885,410.14,-0.917,0.2024
0.2049,0.0468,0.2664,0.2631,0.2188,163.09,1.81,0.2336
0.2749,0.1729,0.23,0.0711,0.2511,557.09,-1.397,0.1353
0.2102,0.2153,0.1767,0.1496,0.2482,536.73,5.079,0.1937
0.1802,0.178,0.0636,0.2525,0.3257,569.82,6.324,0.2215
0.3076,0.0552,0.1564,0.2928,0.188,305.45,1.447,0.1573
0.0213,0.1566,0.0818,0.346,0.3943,119.39,6.006,0.2675
0.1058,0.0758,0.2381,0.2939,0.2863,110.12,5.356,0.2379
0.2147,0.3041,0.0429,0.3795,0.0587,587.11,1.988,0.2539
0.3521,0.1149,0.1777,0.2752,0.0801,205.7,5.416,0.2344
0.3244,0.3071,0.1927,0.0595,0.1164,353.4,-0.779,0.096
0.3056,0.3157,0.0104,0.0692,0.299,518.49,0.245,0.0901
0.2395,0.0931,0.2799,0.1717,0.2159,161.94,-1.725,0.1695
0.1432,0.2284,0.0683,0.3346,0.2256,274.88,-0.528,0.236
0.3287,0.136,0.1845,0.0777,0.2731,582.46,5.714,0.1746
0.3199,0.3349,0.133,0.2024,0.0099,490.15,4.908,0.296
0.2797,0.2597,0.0037,0.109,0.3479,252.73,6.703,0.228
0.3145,0.2074,0.1842,0.1706,0.1233,333.35,4.095,0.2245
0.041,0.2051,0.2656,0.3382,0.1501,423.67,3.481,0.2167
0.1422,0.0515,0.0304,0.4708,0.3051,530.75,0.35,0.2039
0.1023,0.0514,0.2622,0.3082,0.2759,501.18,3.4,0.1668
0.1778,0.1832,0.1941,0.1764,0.2685,229.71,1.767,0.1851
0.2927,0.2365,0.0785,0.3004,0.0919,367.32,5.064,0.2487
0.2403,0.1781,0.1345,0.2241,0.2229,538.25,-0.37,0.188
0.0961,0.3002,0.2833,0.068,0.2524,267.82,-1.196,0.1613
0.1407,0.2946,0.1216,0.312,0.1312,230.28,0.646,0.2292
0.2582,0.1739,0.2815,0.0212,0.2651,350.24,5.807,0.1748
0.2212,0.1729,0.0313,0.495,0.0796,200.15,1.683,0.1814
0.166,0.1148,0.2597,0.2826,0.1769,415.52,-0.409,0.1596
0.3444,0.0026,0.1485,0.4131,0.0915,482.24,2.406,0.2265
0.2048,0.2112,0.1345,0.3218,0.1278,118.86,-0.205,0.1841
0.2153,0.0081,0.1859,0.4807,0.11,438.37,3.64,0.2541
0.2135,0.08,0.2379,0.3651,0.1036,511.92,0.684,0.2553
0.1024,0.2562,0.2099,0.1189,0.3126,597.74,1.085,0.2031
0.0701,0.3529,0.3418,0.1502,0.085,463.58,-0.819,0.1597
0.2925,0.2349,0.0673,0.1461,0.2592,118.68,5.889,0.2218
0.0204,0.4182,0.2783,0.2748,0.0083,444.87,1.751,0.2638
0.169,0.2432,0.2108,0.068,0.3089,415.16,0.71,0.141
0.1386,0.3108,0.0704,0.4263,0.0538,459.38,-0.94,0.1748
0.1293,0.1205,0.2253,0.2266,0.2983,361.57,-0.185,0.1725
0.0196,0.2473,0.1035,0.4649,0.1647,101.37,4.045,0.2452
0.3422,0.3151,0.2524,0.0563,0.034,355.85,4.512,0.219
0.1111,0.4753,0.1423,0.2232,0.048,187.35,-1.645,0.1947
0.1298,0.3581,0.1397,0.3299,0.0424,479.1,-1.587,0.2202
0.0691,0.145,0.1775,0.2521,0.3562,146.48,5.335,0.2056
0.083,0.1819,0.4367,0.1234,0.175,525.34,5.199,0.1928
0.0574,0.3534,0.0298,0.4785,0.0809,308.01,3.317,0.2234
0.3342,0.2826,0.0755,0.1582,0.1494,114.41,4.16,0.2525
0.0806,0.5677,0.0697,0.2537,0.0284,230.81,0.828,0.146
0.214,0.206,0.2332,0.1752,0.1716,588.95,4.029,0.1957
0.3414,0.0464,0.3225,0.1211,0.1685,438.15,1.464,0.2006
0.2721,0.1811,0.3204,0.0177,0.2087,178.46,5.64,0.2369
0.041,0.269,0.1318,0.5307,0.0275,211.35,3.79,0.23
0.1718,0.1001,0.1956,0.3414,0.1909,528.29,2.024,0.2453
0.3786,0.0595,0.2389,0.3229,0.0001,145.45,3.438,0.248
0.268,0.1318,0.22,0.0895,0.2906,575.18,1.27,0.1856
0.1644,0.2026,0.2242,0.1711,0.2377,457.96,-0.974,0.1722
0.2436,0.0711,0.1095,0.2663,0.3094,245.99,2.698,0.2045
0.0887,0.0759,0.3875,0.39,0.0578,405.43,-0.312,0.2013
0.2837,0.1198,0.1394,0.2384,0.2186,153.88,1.73,0.246
0.1719,0.2254,0.1315,0.1922,0.2791,167.32,2.489,0.1767
0.187,0.0171,0.3298,0.2958,0.1703,354.17,6.29,0.2702
0.2676,0.047,0.1419,0.22,0.3234,352.06,1.462,0.2207
0.2515,0.2352,0.1957,0.0702,0.2474,585.25,2.076,0.196
0.2115,0.2261,0.0903,0.212,0.2601,455.94,6.42,0.266
0.3022,0.096,0.2981,0.1388,0.1649,436.19,6.832,0.1853
0.2534,0.3492,0.1621,0.058,0.1772,340.18,3.136,0.1276
0.2254,0.141,0.2527,0.2843,0.0966,523.65,5.275,0.2373
0.0754,0.3479,0.1038,0.3894,0.0835,243.31,0.255,0.2213
0.3215,0.2645,0.113,0.2886,0.0124,507.01,-1.078,0.2148
0.2711,0.2327,0.1759,0.0745,0.2458,499.41,0.589,0.1238
0.1699,0.2369,0.0991,0.2446,0.2495,256.33,2.969,0.239
0.1546,0.1946,0.2168,0.2068,0.2271,452.31,3.829,0.2211
0.2071,0.1499,0.1655,0.2129,0.2645,247.09,-0.403,0.1651
0.0848,0.2507,0.184,0.209,0.2715,165.03,3.256,0.2002
0.159,0.2061,0.4425,0.0965,0.0958,261.32,-1.542,0.1895
0.2308,0.1711,0.1997,0.1249,0.2734,258.93,-0.02,0.1448
0.1075,0.0399,0.2954,0.2432,0.314,145.97,-0.009,0.1889
0.1262,0.0764,0.2633,0.1856,0.3486,511.84,6.83,0.2674
0.0033,0.2532,0.1687,0.3424,0.2323,410.57,6.63,0.2659
0.2984,0.3078,0.1257,0.176,0.0921,555.67,5.399,0.205
0.1462,0.3129,0.1737,0.0171,0.3501,196.26,2.625,0.1944
0.4274,0.2404,0.0033,0.0293,0.2996,486.79,5.785,0.1887
0.1545,0.0379,0.1959,0.256,0.3557,487.6,3.819,0.2656
0.1415,0.4227,0.3053,0.0806,0.0499,497.11,3.023,0.1843
0.2765,0.1095,0.1244,0.1866,0.3031,316.51,-1.848,0.1314
0.1942,0.1873,0.2289,0.1773,0.2122,136.29,6.352,0.2051
0.0519,0.3846,0.1473,0.0423,0.374,318.84,1.556,0.1589
0.2219,0.0567,0.1626,0.3317,0.227,580.07,-0.703,0.1574
0.1941,0.262,0.2279,0.209,0.1069,574.73,2.982,0.1995
0.0021,0.2496,0.2247,0.3961,0.1275,474.15,6.132,0.2769
0.1656,0.1988,0.3112,0.2469,0.0775,210.39,5.513,0.2522
0.1805,0.1924,0.1922,0.2105,0.2245,330.63,2.947,0.2275
0.1741,0.0404,0.0588,0.4347,0.2919,265.43,-0.846,0.1928
0.2133,0.3099,0.1094,0.1552,0.2122,252.84,3.258,0.1944
0.3367,0.217,0.1883,0.255,0.0029,223.09,-0.006,0.1833
0.2756,0.0441,0.2405,0.288,0.1518,279.37,0.749,0.1608
0.1818,0.0579,0.1999,0.2774,0.283,170.0,2.848,0.2088
0.1079,0.1064,0.0263,0.7155,0.044,390.95,1.646,0.3374
0.1643,0.2524,0.1536,0.1514,0.2782,336.05,4.977,0.2075
0.2786,0.2646,0.105,0.1677,0.1842,298.39,2.52,0.2124
0.214,0.2738,0.2604,0.1983,0.0535,357.07,2.016,0.2348
0.2057,0.3019,0.2296,0.1508,0.1119,209.41,2.389,0.2652
0.0395,0.2324,0.0269,0.1301,0.571,280.63,2.227,0.1802
0.2919,0.0965,0.2095,0.1552,0.247,517.44,0.37,0.1687
0.2277,0.0727,0.2734,0.1528,0.2733,517.73,2.65,0.144
0.1908,0.1304,0.3207,0.1799,0.1782,402.11,2.517,0.2455
0.1124,0.1339,0.0623,0.5203,0.171,193.45,1.26,0.239
0.0846,0.298,0.2646,0.1769,0.1759,205.35,-0.549,0.1637
0.5101,0.0137,0.0264,0.3511,0.0986,414.77,-1.647,0.158
0.1009,0.0703,0.3744,0.2342,0.2202,109.31,4.476,0.2252
0.2676,0.1146,0.0347,0.1816,0.4015,533.65,-0.465,0.1793
0.292,0.3015,0.0668,0.2424,0.0972,462.09,1.084,0.1608
0.2565,0.3341,0.13,0.218,0.0614,201.17,5.736,0.2114
0.1087,0.07,0.346,0.4469,0.0284,491.93,2.53,0.2455
